id;description;approval_document;approval_document_content_type;invoice_document;invoice_document_content_type;lpo_document;lpo_document_content_type;requisition_document;requisition_document_content_type;other_documents;other_documents_content_type
1;incentivize Tuna copy;496e647573747269616c;image/png;636170616369746f722061726368697665;image/png;636f6d707265737320536f7574682047656f7267696120616e642074686520536f7574682053616e64776963682049736c616e6473;image/png;62696675726361746564207363616c61626c65;image/png;64656c6976657261626c6573207265696e76656e7420323420686f7572;image/png
2;overriding;776f726c642d636c6173732046726f7a656e204942;image/png;6d6f7261746f7269756d206d6f7261746f7269756d;image/png;46726f7a656e20627573;image/png;506f6c616e64;image/png;4f7574646f6f7273;image/png
3;Harbor Montana;7768697465204272616e64204d6f6e6579204d61726b6574204163636f756e74;image/png;526566696e65642053717561726573;image/png;4558452070726f6a656374696f6e204672657368;image/png;7769746864726177616c;image/png;6162696c697479204861742049726171;image/png
4;magenta Concrete;4d6175726974616e6961;image/png;4275636b696e6768616d7368697265206361706162696c697479207a65726f20746f6c6572616e6365;image/png;4265726b736869726520536d616c6c20506c61737469632050616e747320496e766573746f72;image/png;4265726b73686972652044657369676e6572;image/png;6e61766967617465;image/png
5;Re-contextualized;627970617373696e67206f70746963616c;image/png;417267656e74696e65205065736f;image/png;6f70656e2d736f75726365207475726e2d6b6579;image/png;646973696e7465726d6564696174652043616d6272696467657368697265206861636b696e67;image/png;46696a6920446f6c6c61722050726f666f756e64204261636f6e;image/png
6;Macao Equatorial Guinea Vision-oriented;48756d616e206465706f736974;image/png;496e7465726e616c204149206f70746963616c;image/png;44796e616d696320486f6d65204c6f616e204163636f756e7420546f6f6c73;image/png;486f6d6520476c6f766573204c6174766961;image/png;4e6574776f726b6564;image/png
7;Fish;6c6f63616c2061726561206e6574776f726b2042656e696e;image/png;576973636f6e73696e;image/png;646f742d636f6d207061796d656e74204c696279616e2044696e6172;image/png;63616c63756c617465;image/png;56696c6c6167657320756e69666f726d20504349;image/png
8;Automotive Tactics architectures;7265696e76656e74;image/png;436f6e66696775726174696f6e205549432d4672616e63;image/png;436f6e637265746520426564666f72647368697265;image/png;7265616c2d74696d6520646973637265746520726564756e64616e74;image/png;426f7264657273;image/png
9;olive Handcrafted Cotton Bacon Unbranded Fresh Pants;696e7465726661636573;image/png;67656e65726174696e67;image/png;696e74657266616365;image/png;6261636b696e67207570;image/png;5068696c697070696e65205065736f204d6574616c;image/png
10;Strategist;6d696e64736861726520476f7267656f7573;image/png;6e617669676174696e67;image/png;42656e696e;image/png;616c61726d204a616d61696361;image/png;6861636b;image/png
